[
  {
    "model": "catalog.tag",
    "pk": 1,
    "fields": {
      "name": "фрукты",
      "is_published": true,
      "slug": "tag-1",
      "normalized_name": "фрукты"
    }
  },
  {
    "model": "catalog.tag",
    "pk": 2,
    "fields": {
      "name": "орехи",
      "is_published": false,
      "slug": "tag-2",
      "normalized_name": "орехи"
    }
  },
  {
    "model": "catalog.tag",
    "pk": 3,
    "fields": {
      "name": "молоко",
      "is_published": true,
      "slug": "tag-3",
      "normalized_name": "молоко"
    }
  },
  {
    "model": "catalog.tag",
    "pk": 4,
    "fields": {
      "name": "шоколад",
      "is_published": true,
      "slug": "tag-4",
      "normalized_name": "шоколад"
    }
  },
  {
    "model": "catalog.tag",
    "pk": 5,
    "fields": {
      "name": "сахар",
      "is_published": false,
      "slug": "tag-5",
      "normalized_name": "сахар"
    }
  },
  {
    "model": "catalog.category",
    "pk": 1,
    "fields": {
      "name": "Конфеты",
      "is_published": true,
      "weight": 100,
      "slug": "cat-1",
      "normalized_name": "конфеты"
    }
  },
  {
    "model": "catalog.category",
    "pk": 2,
    "fields": {
      "name": "Печенье",
      "is_published": true,
      "weight": 102,
      "slug": "cat-2",
      "normalized_name": "печенье"
    }
  },
  {
    "model": "catalog.category",
    "pk": 3,
    "fields": {
      "name": "Кисломолочка",
      "is_published": true,
      "weight": 100,
      "slug": "zxc-im-ghoul-993",
      "normalized_name": "кисломолочка"
    }
  },
  {
    "model": "catalog.category",
    "pk": 4,
    "fields": {
      "name": "Блоки питания",
      "is_published": true,
      "weight": 100,
      "slug": "sluuuuuug-123zxczxc",
      "normalized_name": "блокипитания"
    }
  },
  {
    "model": "catalog.category",
    "pk": 5,
    "fields": {
      "name": "Видеокарты",
      "is_published": true,
      "weight": 100,
      "slug": "123123123",
      "normalized_name": "видеокарты"
    }
  },
  {
    "model": "catalog.category",
    "pk": 6,
    "fields": {
      "name": "Процессоры",
      "is_published": true,
      "weight": 100,
      "slug": "zxczxcxzczx",
      "normalized_name": "процесоры"
    }
  },
  {
    "model": "catalog.item",
    "pk": 6,
    "fields": {
      "name": "Печенье Любятово",
      "is_published": true,
      "text": "<p><em>Роскошно, классно, просто замечательно</em>. Кто вообще придумал обязательно юзать слова в такой неудобной форме? Я не Лев Толстой, который вместо 1000 слов 2000. Я и так устал думать над этими задачами. Но когда это закончится, я уверен, что буду скучать.<span style=\"color:#c0392b\"> Всех люблю</span> <span style=\"color:#c0392b\">&lt;3</span></p>",
      "category": 2,
      "is_on_main": false,
      "created_at": "2023-11-01T16:56:50.632Z",
      "updated_at": "2023-11-08T23:25:17.007Z",
      "tags": [
        2,
        3,
        4,
        5
      ]
    }
  },
  {
    "model": "catalog.item",
    "pk": 7,
    "fields": {
      "name": "Чудо Йогурт",
      "is_published": true,
      "text": "<p>Думаю, надо новый анекдот бахнуть, чтоб роскошно было</p>\r\n\r\n<p>У мужика был попугай. И вот у этого попугая стал загибаться кончик клюва и он уже не мог открывать клюв для приема пищи. Мужик испугался и побежал к доктору. Доктор ему посоветовал:<br />\r\n- А Вы напильником подпилите и все будет хорошо.<br />\r\nВстречает как-то доктор мужика и спрашивает:<br />\r\n- Ну как попугай?<br />\r\n- Да сдох.<br />\r\n- Как??? Это же безопасная процедура.<br />\r\n- Да я подозреваю он еще в тисках сдох...</p>",
      "category": 3,
      "is_on_main": true,
      "created_at": "2023-11-01T18:30:07.056Z",
      "updated_at": "2023-11-08T23:21:32.059Z",
      "tags": [
        1,
        3,
        5
      ]
    }
  },
  {
    "model": "catalog.item",
    "pk": 8,
    "fields": {
      "name": "Батончик",
      "is_published": true,
      "text": "<p><strong>Лучшая</strong> <span style=\"color:#8e44ad\">конфета</span>, созданная человеком. <u>Роскошно</u>, <u>превосходно</u>, <u>невероятно</u></p>",
      "category": 1,
      "is_on_main": false,
      "created_at": "2023-11-01T18:34:14.549Z",
      "updated_at": "2023-11-08T23:22:36.861Z",
      "tags": [
        4,
        5
      ]
    }
  },
  {
    "model": "catalog.item",
    "pk": 9,
    "fields": {
      "name": "Аиркал Квас",
      "is_published": true,
      "text": "<p>Крайне роскошно произведенный самой великой компанией по производству комплектующих AeroCool. Обладает исключительной мощностью и безопасностью, а также интересным дизайном</p>",
      "category": 4,
      "is_on_main": true,
      "created_at": "2023-11-17T20:46:30.653Z",
      "updated_at": "2023-11-17T20:47:11.389Z",
      "tags": [
        2,
        4,
        5
      ]
    }
  },
  {
    "model": "catalog.item",
    "pk": 10,
    "fields": {
      "name": "1050ti с дракончиком",
      "is_published": true,
      "text": "<p>Лучшая видеокарта на все времена. Роскошно - ее второе имя. Невероятная элегантность конструкции придает ей особый шарм, а умопомрачительная производительность просто не оставляет Вам шанса не купить это божественное творение компьютерной индустрии!</p>\r\n\r\n<p>P.S. Я тоже использую эту красотку, но только в качестве иконы</p>",
      "category": 5,
      "is_on_main": false,
      "created_at": "2023-11-17T20:57:14.094Z",
      "updated_at": "2023-11-17T20:57:14.094Z",
      "tags": [
        1,
        2,
        4
      ]
    }
  },
  {
    "model": "catalog.item",
    "pk": 11,
    "fields": {
      "name": "Intel Xeon",
      "is_published": true,
      "text": "<p>Xeon тащииии.... Лучший процессор всех времен и народов, не смотря на свой возраст все еще дает бой молодежи в лице 10100f и всяких там пентиумов. На протяжении многих лет был роскошно использован китайцами в их китайских серверах, и вот решил выйти на достойную пенсию в компе какого-нибудь доверчивого подписчика дяди Ностальжи</p>",
      "category": 6,
      "is_on_main": false,
      "created_at": "2023-11-17T21:05:22.211Z",
      "updated_at": "2023-11-17T21:05:22.211Z",
      "tags": [
        3,
        4
      ]
    }
  },
  {
    "model": "catalog.itemimage",
    "pk": 5,
    "fields": {
      "image": "catalog/images/874830a9d43442807cad609be8da79a4.jpg",
      "item": 6
    }
  },
  {
    "model": "catalog.itemimage",
    "pk": 6,
    "fields": {
      "image": "catalog/images/1200x1200nocrop.jfif",
      "item": 6
    }
  },
  {
    "model": "catalog.itemimage",
    "pk": 7,
    "fields": {
      "image": "catalog/images/3df35b954d2c4e4b90e353b63daaa916.webp",
      "item": 6
    }
  },
  {
    "model": "catalog.itemimage",
    "pk": 15,
    "fields": {
      "image": "catalog/images/1644819322_20-klublady-ru-p-chudo-yogurt-shokoladnii-foto-33.jpg",
      "item": 7
    }
  },
  {
    "model": "catalog.itemimage",
    "pk": 17,
    "fields": {
      "image": "catalog/images/1666139547_26-mykaleidoscope-ru-p-yogurt-chudo-s-sharikami-oboi-29.jpg",
      "item": 7
    }
  },
  {
    "model": "catalog.itemimage",
    "pk": 18,
    "fields": {
      "image": "catalog/images/700-nw.jpg",
      "item": 8
    }
  },
  {
    "model": "catalog.itemimage",
    "pk": 19,
    "fields": {
      "image": "catalog/images/orig.webp",
      "item": 8
    }
  },
  {
    "model": "catalog.itemimage",
    "pk": 20,
    "fields": {
      "image": "catalog/images/6430406109.jpg",
      "item": 8
    }
  },
  {
    "model": "catalog.itemimage",
    "pk": 21,
    "fields": {
      "image": "catalog/images/Untitled.jpeg",
      "item": 9
    }
  },
  {
    "model": "catalog.itemimage",
    "pk": 22,
    "fields": {
      "image": "catalog/images/изображение_2023-11-17_234616817.png",
      "item": 9
    }
  },
  {
    "model": "catalog.itemimage",
    "pk": 23,
    "fields": {
      "image": "catalog/images/изображение_2023-11-17_234628890.png",
      "item": 9
    }
  },
  {
    "model": "catalog.itemimage",
    "pk": 24,
    "fields": {
      "image": "catalog/images/изображение_2023-11-17_235638513.png",
      "item": 10
    }
  },
  {
    "model": "catalog.itemimage",
    "pk": 25,
    "fields": {
      "image": "catalog/images/изображение_2023-11-17_235646751.png",
      "item": 10
    }
  },
  {
    "model": "catalog.itemimage",
    "pk": 26,
    "fields": {
      "image": "catalog/images/изображение_2023-11-17_235713240.png",
      "item": 10
    }
  },
  {
    "model": "catalog.itemimage",
    "pk": 27,
    "fields": {
      "image": "catalog/images/изображение_2023-11-18_000450256.png",
      "item": 11
    }
  },
  {
    "model": "catalog.itemimage",
    "pk": 28,
    "fields": {
      "image": "catalog/images/изображение_2023-11-18_000459866.png",
      "item": 11
    }
  },
  {
    "model": "catalog.itemimage",
    "pk": 29,
    "fields": {
      "image": "catalog/images/изображение_2023-11-18_000519992.png",
      "item": 11
    }
  },
  {
    "model": "catalog.mainimage",
    "pk": 2,
    "fields": {
      "image": "catalog/images/1644655523_19-klublady-ru-p-pechene-lyubyatovo-shokoladnoe-foto-24.jpg",
      "item": 6
    }
  },
  {
    "model": "catalog.mainimage",
    "pk": 5,
    "fields": {
      "image": "catalog/images/1666170134_29-mykaleidoscope-ru-p-chudo-yogurt-krasivo-30.jpg",
      "item": 7
    }
  },
  {
    "model": "catalog.mainimage",
    "pk": 6,
    "fields": {
      "image": "catalog/images/6082834167.jpg",
      "item": 8
    }
  },
  {
    "model": "catalog.mainimage",
    "pk": 8,
    "fields": {
      "image": "catalog/images/orig_Z2WJ2cg.webp",
      "item": 9
    }
  },
  {
    "model": "catalog.mainimage",
    "pk": 9,
    "fields": {
      "image": "catalog/images/IMG_20231117_235155.jpg",
      "item": 10
    }
  },
  {
    "model": "catalog.mainimage",
    "pk": 10,
    "fields": {
      "image": "catalog/images/изображение_2023-11-18_000409573.png",
      "item": 11
    }
  }
]